ID,FIRST_NAME,LAST_NAME,USERNAME,ROLE,PASSWORD
1,Rabbi,Brinded,rbrinded0,1,w3OU2yzPF
2,Yulma,Shirley,yshirley1,4,nvaI4QTP
3,Rey,Bilt,rbilt2,1,hJdaF8
4,Prentice,Keemer,pkeemer3,4,6SIlP5lOecI
5,Carlina,Strahan,cstrahan4,4,AQ9Viz
6,Corbett,Jerome,cjerome5,3,oYvBFlEv
7,Cordi,Kingswood,ckingswood6,4,mhdNPFRIjDd7
8,Fonz,Daddow,fdaddow7,1,0tHjOp1d
9,Worthington,Colwell,wcolwell8,4,NuLNoTBwnNOQ
10,Bartolomeo,Vernau,bvernau9,1,ognBSTmB
11,Zane,Ewence,zewencea,3,Rsawo34pciqN
12,Flory,Kegan,fkeganb,3,yV3qnjsN
13,Valentine,Jeens,vjeensc,1,k4D4brs5Nl
14,Lars,Bradbeer,lbradbeerd,3,ppz3PiXfSQ
15,Veronika,Lodemann,vlodemanne,4,UTOhV0kzCf
16,Mollie,Bradbury,mbradburyf,2,4l8EAey
17,Silvio,Jeffrey,sjeffreyg,3,QbBdrtBN1Ur
18,Vernor,Clear,vclearh,3,uPSoeA2dE
19,Devon,Galler,dgalleri,4,Q9Ek5uutEsjd
20,Kessiah,Hanna,khannaj,3,nvP7NwNBYkXs
21,Christy,Treadway,ctreadwayk,2,ykEe6K0s
22,Ferd,Northcott,fnorthcottl,1,FlrtfvE
23,Tynan,Arboin,tarboinm,4,W5WDWgxg
24,Molly,Axon,maxonn,2,AGfVuGGb
25,Randie,Bluck,rblucko,2,m150gpJdwVA
26,Raynard,Gerran,rgerranp,1,hxwGDNvv
27,Ezmeralda,Caghan,ecaghanq,4,1KSkPWgK1Cim
28,Dolf,Trencher,dtrencherr,4,f4VAl1zov
29,Alisha,Keirle,akeirles,4,PAklDJdzC
30,Borg,Tapscott,btapscottt,3,tISaKRKZ
31,Maynard,Emeney,memeneyu,4,6dy0nMkxc6BU
32,Boycey,Masters,bmastersv,1,N9q5jIb
33,Astrid,McGaughie,amcgaughiew,1,CS3VrfGTojv
34,Thomasine,Matsell,tmatsellx,4,ESUezT
35,Mariam,Rumke,mrumkey,2,MhyJIw5QZZU
36,Benedick,Kitchingman,bkitchingmanz,1,4DwtiHIAL
37,Finn,Otto,fotto10,3,HLbQjePua9e
38,Beverlee,Benduhn,bbenduhn11,4,twx2MH
39,Heather,Boyat,hboyat12,3,msRoQymN
40,Ediva,Gallyhaock,egallyhaock13,2,kgz6fsPII
41,Demott,Genever,dgenever14,2,D1x8VdFsPO
42,Marcela,Shambrooke,mshambrooke15,4,syRBPLAN3u0K
43,Rodie,Salzburger,rsalzburger16,4,qOyOVjjteOUN
44,Lauritz,Wakley,lwakley17,3,vgknysCbWmfn
45,Charlotta,Rosewall,crosewall18,1,dA6lJZC
46,Wanids,Markson,wmarkson19,1,9rw5YeREB
47,Morley,Diggens,mdiggens1a,1,5YgYLNERY
48,Martguerita,Ottawell,mottawell1b,4,niE5W2qO
49,Brianna,Alflatt,balflatt1c,3,qaQndPR
50,Aylmer,Cowing,acowing1d,2,HU4OLUa
51,Bevin,Di Bernardo,bdibernardo1e,3,FPbGGG
52,Melisent,Roony,mroony1f,3,VEqYq9WP0g
53,Berny,Yakunin,byakunin1g,2,9vXux8m
54,Derby,Prangley,dprangley1h,1,Jv8Yf0QAc
55,Cornall,Frankton,cfrankton1i,3,BPL1lEk5kR1
56,Minetta,Nassau,mnassau1j,1,rxlG0hnCZ8
57,Dael,Trime,dtrime1k,4,LXD7qVGlB
58,Devonne,Stillgoe,dstillgoe1l,4,usHK2zrb
59,Gillian,O'Halloran,gohalloran1m,2,mfTc1KZUQLB
60,Farley,Brazear,fbrazear1n,2,JI5a3CXxjRL
61,Eleonora,Cracker,ecracker1o,3,nktGKa
62,Belicia,Sitford,bsitford1p,3,SvG8p6
63,Adiana,Reely,areely1q,4,fbBFraPh25
64,Chrysa,Hilary,chilary1r,4,KapdnlJx
65,Maiga,Hurren,mhurren1s,3,bufKoyKo8fQ
66,Ethyl,Olijve,eolijve1t,1,yBlaFtnzDw
67,Cherrita,Cranmer,ccranmer1u,1,DoPi8LBx
68,Ive,Tuiller,ituiller1v,2,zZIA4e3
69,Benjamin,Woodard,bwoodard1w,4,dvndwXj
70,Prissie,Litchfield,plitchfield1x,3,R5EbbR0KhQ7
71,Miranda,Orknay,morknay1y,1,49AbmRMNw
72,Sheri,Olesen,solesen1z,2,GM3eTmW
73,Maximo,Napper,mnapper20,1,svmUp2
74,Sollie,Tiplady,stiplady21,1,a01vl0X
75,Humberto,Colwell,hcolwell22,3,JxdV3Xh6oRu
76,Shadow,Drysdell,sdrysdell23,4,Y3Iv8s7XRKk
77,Ree,Bollins,rbollins24,1,WvNpJttdD
78,Clair,Mogenot,cmogenot25,4,RG2Qzye0Yev
79,Zechariah,Rochford,zrochford26,2,Le9yS7hm1
80,Ynez,Ragsdale,yragsdale27,2,pB0KBryms
81,Lib,Matuszyk,lmatuszyk28,4,snLkU9iRNCT
82,Gasper,Branton,gbranton29,2,mCEAYfP
83,Glennis,Mergue,gmergue2a,2,m5hTFqsujnOH
84,Cherey,Perell,cperell2b,4,44lKXvT18
85,Elmira,Brosel,ebrosel2c,3,OSKzkEH
86,Amalia,Wedmore.,awedmore2d,2,VJ2aFS10DA1C
87,Claudina,Cushe,ccushe2e,1,3t1g4MYA
88,Luelle,Dobrovolski,ldobrovolski2f,4,GqMo33nma
89,Abbe,Denisyev,adenisyev2g,2,SrUicJxQznum
90,Dorella,Grolle,dgrolle2h,2,dc5N49TAQn7
91,Opal,Duffield,oduffield2i,2,5GQQNFhjCW
92,Locke,Raiment,lraiment2j,1,w5fGK4rWV8Bs
93,Evin,Ockleshaw,eockleshaw2k,1,wZj2u09
94,Benny,Maccrae,bmaccrae2l,2,G0zgBM4
95,Ethelin,Spurman,espurman2m,3,nLX5ju6t
96,Nicolina,Greggersen,ngreggersen2n,3,RNvrG1v
97,Meara,Greed,mgreed2o,1,GA6pueKQj
98,Sherye,Juniper,sjuniper2p,2,nioQDMFDZnZ0
99,Fancie,Vedmore,fvedmore2q,2,gZbHKa5qa
100,Merill,Connett,mconnett2r,2,V1DuqRbbyNeq
